"","Ensemble","baseMean","log2FoldChange","lfcSE","pvalue","padj","symbols"
"1","ENSMUSG00000031442",276.788790063293,-4.95066730764623,0.576656079757058,2.50751828569529e-19,3.93981273048445e-15,"Mcf2l"
"2","ENSMUSG00000019853",58.5314965116973,-4.7000433455725,0.646499593015998,1.12245150081774e-14,4.40898949521209e-11,"Hebp2"
"3","ENSMUSG00000058254",123.468376028984,-4.3993058058255,0.625596131123837,6.06952704123769e-14,1.90728817743853e-10,"Tspan7"
"4","ENSMUSG00000090799",64.1570769894939,-4.24924200167944,0.616425961828275,1.55605927221085e-13,3.05610041062212e-10,"Klhl33"
"5","ENSMUSG00000025085",242.763088415873,-5.27645388172744,0.767228828218229,1.42692704514545e-13,3.05610041062212e-10,"Ablim1"
"6","ENSMUSG00000029648",508.508899575938,-5.22664783859736,0.79181018788144,9.27624673187293e-13,1.45748388651188e-09,"Flt1"
"7","ENSMUSG00000000881",180.109785641122,-2.61277229116979,0.399127935292739,2.25041378496182e-12,2.94654178244334e-09,"Dlg3"
"8","ENSMUSG00000021356",186.115656036783,-4.7351104852407,0.732556079797155,2.56439613176985e-12,3.09936861710522e-09,"Irf4"
"9","ENSMUSG00000026630",122.624375260928,-3.96574324489415,0.626124730138434,7.406497767097e-12,8.312206636902e-09,"Batf3"
"10","ENSMUSG00000016498",104.398969784216,-7.34274317395232,1.17954460229297,1.09552150706826e-11,1.14752226127044e-08,"Pdcd1lg2"
"11","ENSMUSG00000027765",200.278275624843,-2.79064156221147,0.457134413353679,3.509103525972e-11,3.06305747778178e-08,"P2ry1"
"12","ENSMUSG00000000303",44.2217166480855,-4.64316834163405,0.777165735780532,6.0418028211787e-11,4.52041932982665e-08,"Cdh1"
"13","ENSMUSG00000026637",281.287556181966,-1.96707529733604,0.324635139773222,6.33600956099577e-11,4.52506282828934e-08,"Traf5"
"14","ENSMUSG00000019987",665.307109551736,-6.50552051781137,1.11101636697333,7.86095453954548e-11,5.37005729240602e-08,"Arg1"
"15","ENSMUSG00000024247",206.87762888255,-3.28303581509098,0.550713935486972,8.4284243431869e-11,5.51780847000635e-08,"Pkdcc"
"16","ENSMUSG00000027997",477.56988780039,-2.06972292173812,0.346496727958164,9.40037487257696e-11,5.90794759991717e-08,"Casp6"
"17","ENSMUSG00000037697",586.863785258938,-3.31339333638849,0.560026785377098,1.04190528557105e-10,6.29631378726626e-08,"Ddhd1"
"18","ENSMUSG00000079293",3092.19365853504,-3.44307197046064,0.586237614799472,1.27379448488845e-10,7.41254035058052e-08,"Clec7a"
"19","ENSMUSG00000026656",7338.03073411014,-3.27047651022178,0.55958705114578,1.5685999434157e-10,8.8020865396241e-08,"Fcgr2b"
"20","ENSMUSG00000055044",78.2453381737372,-4.18800833625934,0.726169554545532,2.26604480204345e-10,1.18680319765689e-07,"Pdlim1"
"21","ENSMUSG00000031443",346.445474472042,-4.47918947897407,0.78225648473307,2.44204306367211e-10,1.19904314426301e-07,"F7"
"22","ENSMUSG00000055782",403.668521079427,-3.17170402162386,0.552025050170308,2.88771210653636e-10,1.37490098842119e-07,"Abcd2"
"23","ENSMUSG00000027670",197.206421986978,-6.39419125983907,1.17167688212368,8.23714387237048e-10,3.49789201412662e-07,"Ocstamp"
"24","ENSMUSG00000033960",127.734176277099,-2.2129922806399,0.397236806003569,9.85512752156013e-10,4.07483588470402e-07,"Jcad"
"25","ENSMUSG00000074634",65.1189105511336,-3.17428953929318,0.581880683691195,1.66055251298076e-09,6.52265027098843e-07,"Tmem267"
"26","ENSMUSG00000032870",3649.08273089877,-2.15891746373963,0.397500859137688,2.06215273712743e-09,7.53501018738283e-07,"Smap2"
"27","ENSMUSG00000002885",1661.63400318613,-3.53861508420523,0.659825698047807,2.29406313219438e-09,8.1918908938723e-07,"Adgre5"
"28","ENSMUSG00000042712",1234.3264477047,-1.76283930294601,0.329493184619892,4.15248244117265e-09,1.41834356773271e-06,"Tceal9"
"29","ENSMUSG00000025477",580.921755784095,-1.78906069350922,0.336083679138252,5.10552317603e-09,1.70676553493156e-06,"Inpp5a"
"30","ENSMUSG00000022637",2612.96221603325,-2.32677798013267,0.444481979381913,6.22488629216306e-09,2.03761277963471e-06,"Cblb"
"31","ENSMUSG00000058446",3079.25059453147,-1.91093922215037,0.368571276628858,9.66795892464213e-09,2.92121097353802e-06,"Znrf2"
"32","ENSMUSG00000041957",214.264410068544,-4.36139668972711,0.868619650002949,1.1972193867849e-08,3.5491907556914e-06,"Pkp2"
"33","ENSMUSG00000030789",5363.15201243035,-4.26721401338924,0.853833297701354,1.29338819041659e-08,3.69485731778644e-06,"Itgax"
"34","ENSMUSG00000036098",172.297319314646,-4.10549823607856,0.824177758266125,1.51790932228593e-08,4.1841037318871e-06,"Myrf"
"35","ENSMUSG00000061578",163.825905418665,-4.586081446108,0.971130905266278,4.33420454789442e-08,1.05246523521777e-05,"Ksr2"
"36","ENSMUSG00000032578",129.868064987766,-4.27746400919641,0.897453091605783,4.35401223836271e-08,1.05246523521777e-05,"Cish"
"37","ENSMUSG00000107622",25.133175264907,-5.34979292960303,1.12362657734394,4.90472783891281e-08,1.14912870012997e-05,"4930512J16Rik"
"38","ENSMUSG00000095457",19.7717525738989,-5.79792095211536,1.22744971170251,6.17175471001763e-08,1.36248310007294e-05,NA
"39","ENSMUSG00000004933",364.982772158574,-3.39959524776836,0.727045688405451,7.75804378552836e-08,1.60387347313449e-05,"Matk"
"40","ENSMUSG00000032038",662.676854394264,-1.7008514377431,0.353556663007023,8.12640891859227e-08,1.65820957050548e-05,"St3gal4"
"41","ENSMUSG00000004655",19.1459567586683,-5.09389472697003,1.08004020752603,9.53902570641982e-08,1.87346464874085e-05,"Aqp1"
"42","ENSMUSG00000043252",450.667369585669,-1.54416337936074,0.325130831521081,1.04984650615077e-07,2.03342185227358e-05,"Tmem64"
"43","ENSMUSG00000039976",527.069377483625,-2.31231333905493,0.497374054736292,1.20351087012164e-07,2.2511384275418e-05,"Tbc1d16"
"44","ENSMUSG00000018427",233.807303220234,-2.3226691891028,0.501381056010515,1.33345593962767e-07,2.46485408510941e-05,"Ypel2"
"45","ENSMUSG00000090958",237.79426829168,-4.82830731260041,1.07633529502051,1.35193413785268e-07,2.46905490912011e-05,"Lrrc32"
"46","ENSMUSG00000080797",46.236344953589,-2.02794045797497,0.436474799942238,1.38024818024946e-07,2.46905490912011e-05,"Gm15760"
"47","ENSMUSG00000040848",4246.26090184508,-1.63734512336085,0.35307256461573,1.74241609326028e-07,2.94662185684414e-05,"Sft2d2"
"48","ENSMUSG00000030691",1349.70916646255,-2.25303842372089,0.500760641563606,2.42600982617083e-07,3.85024913018142e-05,"Fchsd2"
"49","ENSMUSG00000026807",136.971968921165,-3.69648593161215,0.854688108027293,3.8616069663466e-07,5.77070824412838e-05,"Ak8"
"50","ENSMUSG00000030283",82.419384421622,-5.02703599354056,1.1888153647364,3.96865876118016e-07,5.8276230332395e-05,"St8sia1"
"51","ENSMUSG00000035828",605.364551552723,-1.61516155299702,0.366511113171588,4.63640488466902e-07,6.39010469718594e-05,"Pim3"
"52","ENSMUSG00000020689",1232.41528624034,-3.4950463063981,0.822004112143994,5.10609050890104e-07,6.85699949366266e-05,"Itgb3"
"53","ENSMUSG00000024770",545.716966277768,-3.63990748547586,0.86360767734175,5.65803131888074e-07,7.34953157504648e-05,"Lipn"
"54","ENSMUSG00000102715",102.28492303907,-3.82971072237087,0.912347762081593,6.44988041901284e-07,8.04289850345474e-05,NA
"55","ENSMUSG00000044716",20.0916614687317,-3.20385221759724,0.75785214524553,7.45528489135907e-07,8.94178902389571e-05,"Dok7"
"56","ENSMUSG00000005465",78.5387318937706,-3.09959236499074,0.743495208982222,8.07458829655983e-07,9.61120691784455e-05,"Il27ra"
"57","ENSMUSG00000021779",48.7560099650518,-3.11158129247486,0.745039572527355,8.33470751263127e-07,9.84623492018515e-05,"Thrb"
"58","ENSMUSG00000030559",28.0733011817701,-3.53935223916963,0.849327814247622,1.01357234697019e-06,0.000116242691354713,"Rab38"
"59","ENSMUSG00000049184",69.473800852129,-1.75521984293172,0.412447490386271,1.0441151911502e-06,0.000118877810748927,"Purg"
"60","ENSMUSG00000009614",53.8163284769628,-4.95309840423501,1.22267409168513,1.06147786529318e-06,0.000119985181435155,"Sardh"
"61","ENSMUSG00000031445",79.6640011605706,-1.85111807592234,0.440413279953825,1.16770478633495e-06,0.000130120408531169,"Proz"
"62","ENSMUSG00000027797",86.5878214021403,-4.26013543987395,1.08935921002284,1.7502844444084e-06,0.000179741628696371,"Dclk1"
"63","ENSMUSG00000020346",3854.69703552644,-1.52223009116545,0.369749095669912,1.94207559595988e-06,0.00019814215430988,"Mgat1"
"64","ENSMUSG00000008845",120.441243471288,-4.29367439749275,1.1033172217121,1.97358773724402e-06,0.000200058132435987,"Cd163"
"65","ENSMUSG00000034641",4455.35544006024,-1.6614669182384,0.406223766299911,1.9916054052892e-06,0.000200590411076307,"Cd300ld"
"66","ENSMUSG00000025283",5439.73566174802,-1.58515212293036,0.394947679225992,2.09054084132936e-06,0.000206582249679037,"Sat1"
"67","ENSMUSG00000030103",1691.37025810677,-2.41532858401403,0.607279370025639,2.21405101687148e-06,0.000214735614673362,"Bhlhe40"
"68","ENSMUSG00000069607",243.900154998035,-2.46577974709709,0.619058088747386,2.20214271191519e-06,0.000214735614673362,"Cd300ld3"
"69","ENSMUSG00000030711",139.442256930753,-4.28775757123383,1.12141046775278,2.58409138414852e-06,0.000240310153220064,"Sult1a1"
"70","ENSMUSG00000070803",5.52930341887998,-7.54623575295183,2.91564270444351,2.92555492342911e-06,0.000270390111511284,"Cited4"
"71","ENSMUSG00000037972",132.174804362859,-2.61004296233529,0.670104855009693,3.10831833589782e-06,0.000283941265660619,"Snn"
"72","ENSMUSG00000032035",336.195347156776,-1.55334167520725,0.390506415413,3.60263986097036e-06,0.000325578456443089,"Ets1"
"73","ENSMUSG00000016349",200.231550479575,-4.36834471346323,1.18228409387194,3.77283010683273e-06,0.000333223386343645,"Eef1a2"
"74","ENSMUSG00000101389",1899.95360062855,-3.8488143453181,1.03655358846366,4.07925791635195e-06,0.000352160991108362,"Ms4a4a"
"75","ENSMUSG00000041193",54.6955727099666,-3.28612221422894,0.876769524934297,4.41576877467792e-06,0.00037706825536815,"Pla2g5"
"76","ENSMUSG00000056153",1221.07869778875,-1.54748594400355,0.398443144020992,4.49286585954109e-06,0.000381577883162755,"Socs6"
"77","ENSMUSG00000055723",116.954068505367,-2.39803983376979,0.633807663536571,4.74998734659994e-06,0.000394877254972372,"Rras2"
"78","ENSMUSG00000030605",10507.9686085882,-3.01232662813063,0.81356987738008,5.32039590355981e-06,0.000435385731441311,"Mfge8"
"79","ENSMUSG00000031596",4174.92058892771,-3.55091084881547,0.974932716596684,5.64789696755651e-06,0.000457551147904214,"Slc7a2"
"80","ENSMUSG00000098050",170.525546436904,-2.72996499539397,0.735434044293316,5.78363155915771e-06,0.000463634791109623,NA
"81","ENSMUSG00000021756",2944.70164319375,-1.90293536467767,0.50892118194955,6.9907225263032e-06,0.000530619479870898,"Il6st"
"82","ENSMUSG00000001930",3840.53409808285,-2.87711062449018,0.792591141858571,7.15094716973713e-06,0.000534365248502448,"Vwf"
"83","ENSMUSG00000022103",27.7366797935827,-3.84701633479759,1.07636415223715,7.30049236821209e-06,0.000541062906081832,"Gfra2"
"84","ENSMUSG00000094562",70.8937355562501,-4.30535560792763,1.21576071261657,7.45955619453806e-06,0.000547684798731692,"Trav13-4-dv7"
"85","ENSMUSG00000041729",21.5647243137007,-3.17062643765562,0.868290578949796,8.142271571164e-06,0.000592274865398745,"Coro2b"
"86","ENSMUSG00000027805",65.5774377452646,-2.26294705851547,0.616745285179284,8.38636513773777e-06,0.000601711041186823,"Pfn2"
"87","ENSMUSG00000034957",4586.77090277259,-2.31660099922568,0.640997333571142,8.63018424363954e-06,0.000616352067436656,"Cebpa"
"88","ENSMUSG00000020034",571.157923072335,-2.56310923508036,0.710911232581713,8.9596883471261e-06,0.000634119924820024,"Tcp11l2"
"89","ENSMUSG00000026748",902.458069068629,-4.02174254651663,1.17488333286102,1.04372437413159e-05,0.000722193845858154,"Plxdc2"
"90","ENSMUSG00000022797",4646.15324005339,-2.93893328291478,0.838626528634213,1.09848861297027e-05,0.000753687907728769,"Tfrc"
"91","ENSMUSG00000022303",252.99108654853,-2.80312737993752,0.806523031403158,1.27863521454073e-05,0.000844114138271595,"Dcstamp"
"92","ENSMUSG00000028152",641.709451985657,-1.65167588262691,0.456913272893722,1.30820209538413e-05,0.000860019720614034,"Tspan5"
"93","ENSMUSG00000040209",847.877318300787,-1.64594449654605,0.462368940182478,1.57526600849353e-05,0.000993999177728927,"Zfp704"
"94","ENSMUSG00000024420",17.6719012059672,-3.85913584432635,1.16496135546484,1.91283875464048e-05,0.00115594317357351,"Zfp521"
"95","ENSMUSG00000040265",8.63679669146432,-3.24921615847218,0.926495432516306,2.01875711388628e-05,0.00117963455838128,"Dnm3"
"96","ENSMUSG00000008540",2313.82955266373,-1.80263237427645,0.52097032586005,2.09241701333726e-05,0.00120901522792304,"Mgst1"
"97","ENSMUSG00000015709",86.0169741754844,-3.30608812533933,1.00545588818291,2.17376675258191e-05,0.00123747185567272,"Arnt2"
"98","ENSMUSG00000004207",276328.441726506,-1.89216490234275,0.552991862656947,2.23908890244663e-05,0.00127005649224698,"Psap"
"99","ENSMUSG00000022096",29.7056066539747,-4.03070124424683,1.25697862897463,2.32074874100786e-05,0.0013069392193088,"Hr"
"100","ENSMUSG00000032766",356.261268017844,-1.70761777203137,0.496398315331922,2.37923820267741e-05,0.00132778218668712,"Gng11"
"101","ENSMUSG00000031444",889.076433969693,-3.2990453716275,1.01610896220092,2.38311212223631e-05,0.00132778218668712,"F10"
"102","ENSMUSG00000021003",3119.89860025775,-1.79588147215023,0.545042914586921,2.47252624416059e-05,0.0013583332988899,"Galc"
"103","ENSMUSG00000094212",39.4551780101565,-3.72319092051827,1.16145225978388,2.64237081207793e-05,0.0014266986322807,"Trav14-3"
"104","ENSMUSG00000118084",14.0567282253188,-2.536510303094,0.760767161773497,2.73038770220926e-05,0.00146119818132095,NA
"105","ENSMUSG00000104554",15.5416995904554,-3.26001340977789,1.01506403626348,2.89075681479597e-05,0.00152927848734257,"Gm4610"
"106","ENSMUSG00000047250",925.62791600183,-3.07137830033627,0.960656057038845,2.99841802947144e-05,0.00157562354779449,"Ptgs1"
"107","ENSMUSG00000033174",300.94974173801,-3.75068964401031,1.21336710286612,3.27854208415286e-05,0.00167911600459614,"Mgll"
"108","ENSMUSG00000054510",183.983093914351,-3.05368984298409,0.973989757932495,3.63316749384117e-05,0.00183414682626431,"4930440I19Rik"
"109","ENSMUSG00000020661",4902.09550558202,-1.8755267746119,0.573238590166036,3.75671433754321e-05,0.00187382525941203,"Dnmt3a"
"110","ENSMUSG00000043832",1460.43683864987,-2.64161049144705,0.830662289881531,3.80034169026022e-05,0.0018895876151066,"Clec4a3"
"111","ENSMUSG00000044461",6.94748987178575,-4.47359257996478,1.366312321357,4.25584110855386e-05,0.00205747001531071,"Shisa2"
"112","ENSMUSG00000029413",1129.0616766307,-1.77816600771678,0.547159627858872,4.32153398045113e-05,0.00207645082265591,"Naaa"
"113","ENSMUSG00000038037",1041.85988139762,-2.72916970772943,0.882771305760589,4.67684417087774e-05,0.00222674471554034,"Socs1"
"114","ENSMUSG00000106981",12.9474357777702,-2.08467931302009,0.646580729976816,5.7538148224453e-05,0.00260530082104497,NA
"115","ENSMUSG00000079445",45.3023537031923,-3.1222072825116,1.04400239442778,5.77373159334209e-05,0.00260680663202848,"B3gnt7"
"116","ENSMUSG00000070576",7.95603492968556,-3.39630720780094,1.0942709676791,6.18215001050467e-05,0.00274926264817481,"Mn1"
"117","ENSMUSG00000117764",16.9734023621725,-3.60054496542385,1.19387103076855,6.8776515046819e-05,0.00296872693520775,NA
"118","ENSMUSG00000030742",58.8305933169977,-2.1325853571379,0.696940922274854,7.15530460336668e-05,0.00305500396543743,"Lat"
"119","ENSMUSG00000044986",77.042256270192,-2.26229676120081,0.737284778487168,7.37359144193894e-05,0.00313118564150661,"Tst"
"120","ENSMUSG00000054000",573.300279720264,-1.631052853262,0.525477322126044,7.69197602300503e-05,0.0032228353939588,"Tusc1"
"121","ENSMUSG00000015222",77.4748747960418,-3.19543011228125,1.13653810106217,8.929485861711e-05,0.00357158640816602,"Map2"
"122","ENSMUSG00000049526",81.3807709972339,-1.91602130344768,0.637280419038846,8.9448094812551e-05,0.00357158640816602,"Tmem202"
"123","ENSMUSG00000037375",49.3724081330989,-1.70225011908242,0.560655534401251,9.39701423389404e-05,0.00371903999100612,"Hhat"
"124","ENSMUSG00000037759",440.909977875685,-1.761089603325,0.585848819198143,9.59172261171362e-05,0.00378063959531887,"Ptger2"
"125","ENSMUSG00000054931",14.2469177293339,-2.30401191505705,0.766039382162529,0.000111259580632091,0.00422248920505174,"Zkscan4"
"126","ENSMUSG00000067825",316.90917933268,-1.53418098820274,0.522832387107265,0.000137274726354722,0.00492433904220408,"Pex26"
"127","ENSMUSG00000032554",9102.75322869494,-3.01129886471929,1.13444619499177,0.000141147079046635,0.00499685789478037,"Trf"
"128","ENSMUSG00000026303",23.3647311942735,-2.04533383216601,0.710767326946,0.000148941280113405,0.00521940230649322,"Mlph"
"129","ENSMUSG00000021186",91.9357279322814,-2.69649486605954,1.00126287900815,0.000150164385548263,0.00524307294607624,"Fbln5"
"130","ENSMUSG00000039206",2455.99741990962,-2.11349796802631,0.758637192078893,0.000153029667045508,0.00533126857786922,"Daglb"
"131","ENSMUSG00000049709",74.6332894146159,-1.52039735587156,0.522550568897276,0.000156734968209319,0.00540048206251058,"Nlrp10"
"132","ENSMUSG00000018849",25.7402599612877,-2.2618810968029,0.824884353076625,0.000165883494813263,0.00564147504438525,"Wwc1"
"133","ENSMUSG00000028238",5196.59678316382,-2.69422937410938,1.04297071420651,0.000183294747827498,0.00612750442099076,"Atp6v0d2"
"134","ENSMUSG00000047996",104.010333076987,-2.50657374176297,0.953072445162991,0.000190273628778297,0.00632046354199705,"Prrg1"
"135","ENSMUSG00000087496",5.60956666627321,-3.24688768798589,1.17711991220755,0.000205847696782199,0.00673808127467065,NA
"136","ENSMUSG00000072115",239.961538763117,-2.03827474109974,0.766215795334615,0.000213544426303775,0.00693225212001014,"Ang"
"137","ENSMUSG00000085913",20.0739858392891,-2.47129880560662,0.941304148920513,0.000214248201260733,0.00694075822311058,NA
"138","ENSMUSG00000004552",53.2211016821476,-1.89829068156988,0.70872456735438,0.000232240099252237,0.00738655149686466,"Ctse"
"139","ENSMUSG00000024975",290.104701938117,-1.58469340115569,0.582678738708156,0.000244556052031349,0.0076849293790331,"Pdcd4"
"140","ENSMUSG00000050777",733.463164900628,-2.20623532058986,0.856843319533786,0.000245677919431273,0.00768942523925133,"Tmem37"
"141","ENSMUSG00000097855",91.0956732678571,-2.50977040143095,0.997671330723695,0.000254930559860661,0.00790033324759509,"A930007I19Rik"
"142","ENSMUSG00000002504",18.5818051050762,-2.49055100520089,0.975749681107259,0.000257038055679507,0.00794996443078034,"Nherf2"
"143","ENSMUSG00000047591",24.6275578514288,-2.52935379963345,1.01256136233742,0.000277477895981695,0.0083565143009906,"Mafa"
"144","ENSMUSG00000021703",385.52299461354,-1.73320842530282,0.658205547664943,0.000281412780700275,0.00838632979354407,"Serinc5"
"145","ENSMUSG00000054619",1214.00468198797,-1.56720629510022,0.606854166402666,0.000291831538296261,0.00857057407422589,"Mettl7a1"
"146","ENSMUSG00000047986",11.9579944466736,-2.70958356018292,1.10992688499543,0.000301212729538465,0.00881313669740849,"Palm3"
"147","ENSMUSG00000045287",119.827366952995,-2.84071930524201,1.19684609062768,0.000311604985403608,0.00904979210843158,"Rtn4rl1"
"148","ENSMUSG00000086124",4.10087447259123,-3.74170274808029,1.42999561243304,0.000323438805892562,0.00930745516150903,NA
"149","ENSMUSG00000117575",70.5138295812037,-1.80622731843111,0.710305232023024,0.000338305787375165,0.00968207747037995,NA
"150","ENSMUSG00000116097",35.1123337501909,-2.35118968802796,0.959155960744778,0.000371781723395884,0.0104331722445222,"Gm36738"
"151","ENSMUSG00000062515",830.146587383434,-1.58390226790431,0.625740594740145,0.000374723092884488,0.0104722145124034,"Fabp4"
"152","ENSMUSG00000024610",24262.5695233424,-2.98895066469262,1.36151075586368,0.000377138141569611,0.0104722145124034,"Cd74"
"153","ENSMUSG00000021886",753.134545801554,-1.54888392737589,0.606458309599724,0.000382303615555814,0.0105381656273911,"Gpr65"
"154","ENSMUSG00000021876",2342.64177829571,-1.97133335167953,0.81649799244053,0.00039937997778533,0.0109131447147184,"Rnase4"
"155","ENSMUSG00000037868",655.664155305631,-2.19556498157481,0.933496243282041,0.000402152508699712,0.0109508149336046,"Egr2"
"156","ENSMUSG00000086782",25.45771870539,-1.72926851070648,0.70235283015274,0.000482454142654225,0.0124510403076483,"E130102H24Rik"
"157","ENSMUSG00000006362",46.1814521874718,-2.57236055424129,1.16326617358457,0.000480263570131478,0.0124510403076483,"Cbfa2t3"
"158","ENSMUSG00000038893",145.393199649192,-1.88621153795674,0.800617342071533,0.000503856472312217,0.0128725087690562,"Fam117a"
"159","ENSMUSG00000061859",21.6157573035177,-2.71315552757859,1.24252834734087,0.000516615005073028,0.0131131744098666,"Patj"
"160","ENSMUSG00000037649",1052.50399421531,-1.99191155601308,0.868181808648165,0.000520319098142246,0.0131179036747461,"H2-DMa"
"161","ENSMUSG00000029718",85.3083311704019,-2.09397745696855,0.92523937342772,0.000559598876762191,0.0137903247868661,"Pcolce"
"162","ENSMUSG00000028859",2208.28012641368,-1.63868810708537,0.693652739905319,0.000576656959598339,0.0139821514648289,"Csf3r"
"163","ENSMUSG00000050022",809.960909064462,-1.94731098645102,0.876852881362842,0.00062921512740329,0.0149288204280336,"Amz1"
"164","ENSMUSG00000000318",666.61589801286,-2.66306134762181,1.33352598966824,0.000629952134915115,0.0149288204280336,"Clec10a"
"165","ENSMUSG00000031431",1326.92616496964,-1.5989226403848,0.694533295192266,0.000669600770519917,0.0156792359260938,"Tsc22d3"
"166","ENSMUSG00000048058",568.282091846215,-1.65544898002517,0.727423961829772,0.000686434035400497,0.0159711071885103,"Ldlrad3"
"167","ENSMUSG00000053040",1419.49560283861,-1.9776018708799,0.915878175631327,0.000687147941664519,0.0159711071885103,"Aph1c"
"168","ENSMUSG00000033082",7.72120657135918,-3.16439771386649,1.29974859031822,0.000699043389181024,0.0161145493840404,"Clec1a"
"169","ENSMUSG00000085614",17.8867839476217,-1.64295375439941,0.700727750190148,0.000708148669167561,0.0162667132894163,NA
"170","ENSMUSG00000085448",14.4528060456667,-1.54822907574656,0.669809087883227,0.000765581549489049,0.0172332626154326,NA
"171","ENSMUSG00000038886",2173.22324668624,-1.57322024924064,0.700740711146405,0.000772294607262852,0.017309975562502,"Man2a2"
"172","ENSMUSG00000057103",22.4185873147287,-1.62992472583732,0.72125873887633,0.000812015359244016,0.018045806682379,"Nat8f1"
"173","ENSMUSG00000028943",21.9541079681058,-1.8457326728699,0.8361813183655,0.000838256883638271,0.0184433523996635,"Espn"
"174","ENSMUSG00000055407",155.171883148495,-1.81864790507722,0.862706901764137,0.000856069194819957,0.0186700004204008,"Map6"
"175","ENSMUSG00000032528",123.003937853825,-2.07001861674364,1.02298906122607,0.000858637964976284,0.0186854843569354,"Vipr1"
"176","ENSMUSG00000040624",475.223978135893,-1.88570314300883,0.903620600336625,0.000862760517163397,0.0187492299386878,"Plekhg1"
"177","ENSMUSG00000090894",23.5491546266543,-1.65956329860098,0.757029721213255,0.000867652461003444,0.0188149459177935,"Or5v1"
"178","ENSMUSG00000113427",4.38129640534639,-3.53377912332214,1.40486653046588,0.000887449123545494,0.0190440387189925,NA
"179","ENSMUSG00000033863",306.386051507416,-1.78204132417449,0.856460437792307,0.000900858490966348,0.0192575355238956,"Klf9"
"180","ENSMUSG00000071324",72.1356804767045,-2.07946805686663,1.05564278990556,0.000925997907390832,0.0196877931270971,"Armc2"
"181","ENSMUSG00000106933",4.24155171355151,-2.73719302824967,1.22620363399856,0.00101312181684258,0.0209051968081129,NA
"182","ENSMUSG00000029869",60.8340224921991,-1.95801299933725,0.994641474770272,0.00102279345734432,0.020972709897407,"Ephb6"
"183","ENSMUSG00000041762",410.284191085242,-1.65629133902037,0.804280651301226,0.00104003463428147,0.0211945838830486,"Gpr155"
"184","ENSMUSG00000034903",33.7995910411326,-1.8176488825745,0.893403431020616,0.00106134745041284,0.0214895504392867,"Cobll1"
"185","ENSMUSG00000104156",12.4057083747628,-1.53575986429688,0.706687645467119,0.0011966023735651,0.0234426639569262,NA
"186","ENSMUSG00000042035",46.5236969419342,-2.31976933530469,1.33171582234112,0.00120176966547044,0.0235145765677105,"Igsf3"
"187","ENSMUSG00000048458",146.419434761373,-1.57236133280291,0.776085723677478,0.0012171874724371,0.0236980776747203,"Inka2"
"188","ENSMUSG00000108624",7.05633489660517,-2.75723754356838,1.37043461715861,0.00123755943183342,0.0238876336522933,NA
"189","ENSMUSG00000026649",29.4737920472297,-1.85969891304185,0.938094994971059,0.00125885663989066,0.024209492687836,"Cfap126"
"190","ENSMUSG00000087305",13.4548914275706,-1.70966169730822,0.841252373859851,0.00125746424511871,0.024209492687836,"A430035B10Rik"
"191","ENSMUSG00000034353",192.573740943362,-2.35007252964782,1.47175410178378,0.00135848821943662,0.025668653049396,"Ramp1"
"192","ENSMUSG00000026069",66.1182080804728,-2.08677705049048,1.22847068886285,0.00138725735747718,0.0260724732065568,"Il1rl1"
"193","ENSMUSG00000030577",279.414923479716,-1.5328866873215,0.781014413268495,0.00145275491888851,0.0267189555951164,"Cd22"
"194","ENSMUSG00000034930",18.0338404805316,-1.7016494870414,0.876674237999647,0.00148074474391753,0.0269002448148735,"Rtkn"
"195","ENSMUSG00000020593",668.021488775786,-1.63172722209898,0.875027522584281,0.00150148028108801,0.0271281451086018,"Lpin1"
"196","ENSMUSG00000027068",919.265357592091,-1.6767235345916,0.91976015148818,0.001505939438721,0.0271656951333919,"Dhrs9"
"197","ENSMUSG00000014846",63.2485448819079,-2.00221081060115,1.19716540868337,0.0015520223600032,0.0276165065915858,"Tppp3"
"198","ENSMUSG00000023911",21.4800058694723,-2.17692004511132,1.30633350365391,0.00156067765568659,0.0277391033101219,"Flywch2"
"199","ENSMUSG00000071537",10.1771212334959,-1.78080652578129,0.856888196340544,0.0015793099760545,0.0278995106856314,"Klrg2"
"200","ENSMUSG00000000440",695.906340359274,-1.97908210908137,1.21392617329739,0.00160369079804052,0.0281218636370678,"Pparg"
"201","ENSMUSG00000021908",10.9386862069465,-1.55513107677998,0.767892072605929,0.00165434888095112,0.0288172168708471,NA
"202","ENSMUSG00000064299",10.2849327296662,-1.96200671656268,1.06127050597284,0.00173108240538534,0.0295603181486818,"4921528I07Rik"
"203","ENSMUSG00000034220",1134.54416043167,-1.57569389866873,0.884184250350404,0.0017852849290792,0.0301617169953681,"Gpc1"
"204","ENSMUSG00000044674",277.826817050354,-1.55373975334706,0.861672815021275,0.00185146460312861,0.0308485809590209,"Fzd1"
"205","ENSMUSG00000028756",1756.58428177135,-1.50570589222343,0.855445626434463,0.0019001598938652,0.0313651809925423,"Pink1"
"206","ENSMUSG00000039953",306.061781985626,-1.55178485904734,0.885851399891162,0.00192279453381204,0.0316014097439903,"Clstn1"
"207","ENSMUSG00000049985",56.777478605659,-1.8703142637528,1.18843844595801,0.00192681787421295,0.0316344435105893,"Ankrd55"
"208","ENSMUSG00000074824",6.71933008823084,-1.59533574998088,0.816879497543968,0.00208893783046051,0.0333212093321782,"Rslcan18"
"209","ENSMUSG00000040289",10.7221064599953,-1.9110505685368,1.14605853503359,0.00213690160285517,0.0338116797422562,"Hey1"
"210","ENSMUSG00000063623",4.54267135708199,-2.66411426393426,1.37022248818695,0.00216105713534624,0.0340031882007719,NA
"211","ENSMUSG00000010362",268.293510684207,-1.60139191525274,0.979973283561316,0.0022171538837385,0.034593765463058,"Rdm1"
"212","ENSMUSG00000048965",342.92141140478,-1.57436922874358,0.969845301008017,0.00223776628539939,0.0347428694428806,"Mrgpre"
"213","ENSMUSG00000103247",8.133232728735,-1.84295952194354,1.15392125121961,0.00225459573732794,0.0349006977585189,NA
"214","ENSMUSG00000017754",12747.0699525758,-1.73873886021089,1.17321961988072,0.00226539003232028,0.0350332757754096,"Pltp"
"215","ENSMUSG00000029650",901.97995175423,-1.78882875030597,1.24205670925769,0.00231117685938011,0.0354814644979603,"Slc46a3"
"216","ENSMUSG00000004473",11.8788499331649,-1.84181879609729,1.01472164437573,0.00230719511579718,0.0354814644979603,"Clec11a"
"217","ENSMUSG00000115142",8.57285383763302,-1.95345136713034,1.20610296838573,0.00232749479595927,0.0355044643049632,"Gm33251"
"218","ENSMUSG00000033207",325.116083167719,-2.02521950906078,1.75516888528509,0.00234818192795328,0.0356125815173764,"Mamdc2"
"219","ENSMUSG00000049723",24209.1172667983,-1.57169650194824,1.00250545552702,0.00235196829993785,0.0356356084171876,"Mmp12"
"220","ENSMUSG00000030117",253.846510495525,-1.75783261911065,1.27822443734164,0.00250483362355802,0.0373682321418393,"Gdf3"
"221","ENSMUSG00000101037",5.38433708558654,-1.82726477307453,1.05851636539637,0.0027686286833833,0.0399455407468488,NA
"222","ENSMUSG00000017400",766.824008133487,-1.56669898798247,1.16368331199784,0.00298452918944724,0.0419811303711683,"Stac2"
"223","ENSMUSG00000089876",7.61021514512644,-2.18702594829085,1.32886237764047,0.00310665709664589,0.0433497302864123,"Tmem102"
